<?xml version="1.0" encoding="UTF-8" ?>
<!DOCTYPE configuration
        PUBLIC "-//mybatis.org//DTD Config 3.0//EN"
        "http://mybatis.org/dtd/mybatis-3-config.dtd">
<configuration>

    <!--    1.加载properties文件-->
    <properties resource="database.properties"/>
    <!--    2.别名可配可不配-->
    <typeAliases>
        <package name="com.HHU.entity"/>
    </typeAliases>
    <!--    3.环境-->
    <environments default="ssm">
        <environment id="ssm">
            <transactionManager type="JDBC"/>
            <dataSource type="POOLED">
                <property name="driver" value="${driver}"/>
                <property name="url" value="${url}"/>
                <property name="username" value="${username}"/>
                <property name="password" value="${password}"/>
            </dataSource>
        </environment>
    </environments>
<!--        4.加载映射文件,mapperRegister-->
    <mappers>
        <mapper resource="mappers/AccoutMapper.xml"/>
<!--        <package name="mappers"/>-->
    </mappers>

</configuration>