<?xml version="1.0" encoding="UTF-8" ?>
<!DOCTYPE mapper
        PUBLIC "-//mybatis.org//DTD Mapper 3.0//EN"
        "http://mybatis.org/dtd/mybatis-3-mapper.dtd">
<!--namespace.id==类.方法名==AccoutMapper.save-->

<mapper namespace="com.HHU.dao.AccoutMapper">
    <insert id="save" >
        insert into accout
        values(#{id},#{name},#{money})
    </insert>
    <select id="findAll" resultType="com.HHU.entity.Accout">
        select * from accout
    </select>
<!--    public void deleteById(Integer id);-->
    <delete id="deleteById">
        delete from accout
        where id =#{id}
    </delete>
<!--    public void updateById(@Param("id") Integer id, @Param("name") String name);;-->
    <update id="updateById">
        update accout
        set name=#{name}
        where id=#{id}
    </update>
</mapper>