<?xml version="1.0" encoding="UTF-8"?>
<beans xmlns="http://www.springframework.org/schema/beans"
       xmlns:xsi="http://www.w3.org/2001/XMLSchema-instance"
       xmlns:context="http://www.springframework.org/schema/context"
       xmlns:tx="http://www.springframework.org/schema/tx"
       xsi:schemaLocation="http://www.springframework.org/schema/beans
    http://www.springframework.org/schema/beans/spring-beans.xsd
    http://www.springframework.org/schema/context
    http://www.springframework.org/schema/context/spring-context.xsd
    http://www.springframework.org/schema/tx
    http://www.springframework.org/schema/tx/spring-tx.xsd">




<!--    mybatis-spring -->
    <!--加载propeties文件-->
    <context:property-placeholder location="classpath:mybatis/database.properties"></context:property-placeholder>

    <!--配置数据源信息-->
    <bean id="dataSource" class="com.mchange.v2.c3p0.ComboPooledDataSource">
        <property name="driverClass" value="${jdbc.driver}"></property>
        <property name="jdbcUrl" value="${jdbc.url}"></property>
        <property name="user" value="${jdbc.username}"></property>
        <property name="password" value="${jdbc.password}"></property>
    </bean>

    <!--配置sessionFactory-->
    <bean id="sqlSessionFactory" class="org.mybatis.spring.SqlSessionFactoryBean">
        <property name="dataSource" ref="dataSource"></property>
        <property name="configLocation" value="classpath:mybatis/mybatis-config.xml"></property>
        <property name="mapperLocations" value="classpath:mappers/*.xml"></property>
    </bean>

    <!--扫描mapper接口，生成代理注入到spring容器中-->
    <bean class="org.mybatis.spring.mapper.MapperScannerConfigurer">
        <property name="basePackage" value="com.HHU.dao"></property>
    </bean>


    <!--声明式事务控制-->
    <!--平台事务管理器-->
    <bean id="transactionManager" class="org.springframework.jdbc.datasource.DataSourceTransactionManager">
        <property name="dataSource" ref="dataSource"></property>
    </bean>

    <!--配置事务增强-->
    <tx:advice id="txAdvice">
        <tx:attributes>
            <tx:method name="*"/>
        </tx:attributes>
    </tx:advice>

<!--    &lt;!&ndash;事务的aop织入&ndash;&gt;-->
<!--    <aop:config>-->
<!--        <aop:advisor advice-ref="txAdvice" pointcut="execution(* com.itheima.service.impl.*.*(..))"></aop:advisor>-->
<!--    </aop:config>-->


</beans>